IP地址	端口	TLS	数据中心	地区	城市
8.218.110.219	8443	TRUE	HKG	Asia Pacific	Hong Kong
132.145.54.84	8443	TRUE	LHR	Europe	London
132.145.53.55	8443	TRUE	LHR	Europe	London
129.151.198.3	8443	TRUE	ARN	Europe	Stockholm
155.248.200.59	8443	TRUE	SJC	North America	San Jose
158.101.199.249	8443	TRUE	AMS	Europe	Amsterdam
132.145.53.55	8443	TRUE	LHR	Europe	London
132.145.24.99	8443	TRUE	LHR	Europe	London
132.145.54.84	8443	TRUE	LHR	Europe	London
132.145.24.99	8443	TRUE	LHR	Europe	London
192.9.137.193	8443	TRUE	SJC	North America	San Jose
141.147.92.143	8443	TRUE	LHR	Europe	London
150.230.20.156	8443	TRUE	AMS	Europe	Amsterdam
204.216.216.148	8443	TRUE	MXP	Europe	Milan
140.238.218.65	8443	TRUE	ZRH	Europe	Zurich
129.151.237.155	8443	TRUE	MRS	Europe	Marseille
141.145.205.115	8443	TRUE	CDG	Europe	Paris
140.238.173.181	8443	TRUE	ZRH	Europe	Zurich
129.159.143.171	8443	TRUE	TLV	Middle East	Tel Aviv
141.147.47.32	8443	TRUE	FRA	Europe	Frankfurt
